id,source,title_clean,summary_clean,link,published_date,language,language_confidence,scraped_at
770d3033da4aadb43da29f6bcd86d8ea,BBC Hindi,मक्का पर 'ड्रोन अटैक': लोगों को क्यों याद आई 47 साल पुरानी भयावह घटना,हूती संगठन अंसार अल्लाह ने सऊदी अरब का एफ़-15 लड़ाकू विमान मार गिराने का दावा किया है. वहीं सऊदी नेतृत्व वाले गठबंधन ने कहा कि उसने मक्का की ओर जा रहे हूती विद्रोहियों के ड्रोन को मार गिराया है.,https://www.bbc.com/hindi/articles/cw770k321xl5o?at_medium=RSS&at_campaign=rss,2026-09-16,hindi,high,2026-09-16T17:18:50.817073+00:00
d5552ad52611629cb741a1808d9b4421,BBC Hindi,ईरान पर हमले की अमेरिका ने अब तक क्या 'क़ीमत' चुकाई है? इस रिपोर्ट से चला पता,"इस रिपोर्ट से ईरान के साथ युद्ध के दौरान मध्य पूर्व में अमेरिकी विमानों, सैन्य अड्डों, कूटनीतिक ठिकानों और हथियारों को हुए नुक़सान का आधिकारिक ब्यौरा पहली बार सार्वजनिक हुआ है.",https://www.bbc.com/hindi/articles/cmx2zww4z9x0o?at_medium=RSS&at_campaign=rss,2026-09-16,hindi,high,2026-09-16T17:18:50.817073+00:00
58781760ee2587a6980afa7eacc21f9a,BBC Hindi,सऊदी अरब सज़ा-ए-मौत पाए विदेशियों के शव उनके परिवारों को क्यों नहीं सौंपता,"सऊदी अरब उन तीन देशों में से एक है जहाँ सबसे अधिक लोगों को मौत की सज़ा दी जाती है. आँकड़ों से पता चला है कि मौत की सज़ा पाने वालों में अधिकांश विदेशी नागरिक थे, लेकिन शव आमतौर पर उनके परिवारों को नहीं सौंपे गए.",https://www.bbc.com/hindi/articles/c60qx4lkw9d1o?at_medium=RSS&at_campaign=rss,2026-09-16,hindi,high,2026-09-16T17:18:50.817073+00:00
6e1220f36f585d9acd3e5caa3b776ca2,BBC Hindi,साल 2026 में समंदर के अंदर से आईं 10 सबसे शानदार तस्वीरें,"जिज्ञासु सील, समुद्री घोड़ा और दुर्लभ रूप से देखे जाने वाले गहरे समुद्र के जीव, ओशन फोटोग्राफर ऑफ़ द ईयर 2026 की सबसे प्रभावशाली तस्वीरों में से हैं.",https://www.bbc.com/hindi/articles/cq8jd3908lgzo?at_medium=RSS&at_campaign=rss,2026-09-16,hindi,high,2026-09-16T17:18:50.817073+00:00
769a15b260ef6f9145d9d793248dbb9d,BBC Hindi,अमेरिका ने पहली बार अंतरिक्ष में तैनात किए हथियार,अमेरिकी वायु सेना के सचिव का कहना है कि दुश्मन की कार्रवाई से देश की रक्षा के लिए ये हथियार ज़रूरी हैं.,https://www.bbc.com/hindi/articles/cv8e35ldxe63o?at_medium=RSS&at_campaign=rss,2026-09-15,hindi,high,2026-09-16T17:18:50.817073+00:00
44b4b413f1fb58d2320734973b92d172,BBC Hindi,"तेज़ी से पिघल रहा है हिमालय, भारत की अर्थव्यवस्था को बड़ा ख़तरा","एक नई रिपोर्ट में चेतावनी दी गई है कि हिमालयी ग्लेशियर तेजी से पिघल रहे हैं, जिससे भारत के जल, अर्थव्यवस्था और समुदायों को खतरा है.",https://www.bbc.com/hindi/articles/c1e54dx5njzo?at_medium=RSS&at_campaign=rss,2026-09-15,hindi,high,2026-09-16T17:18:50.817073+00:00
ec3ccffefae5c47ce416bf45592ce9e8,BBC Hindi,"पक्की सहेलियां निकलीं सगी बहनें, ऐसे लगा पता",भारत में जन्मीं ये दोनों महिलाएं अब 40 साल से ज़्यादा उम्र की हैं. उन्हें बचपन में दो अलग-अलग परिवारों ने गोद लिया था.,https://www.bbc.com/hindi/articles/cje8kq305dgo?at_medium=RSS&at_campaign=rss,2026-09-14,hindi,high,2026-09-16T17:18:50.817073+00:00
733656c4d6d0dc989c0b55668f8a4d76,BBC Hindi,"महिला पत्रकार ने बताया- योगी आदित्यनाथ से सवाल पूछने के बाद क्या हुआ, बीजेपी और अखिलेश यादव क्या बोले?",एक महिला पत्रकार ने आरोप लगाया है कि प्रेस कॉन्फ़्रेंस में यूपी के सीएम योगी आदित्यनाथ उनके सवाल का जवाब दिए बिना चले गए और उसके बाद उन्हें लगातार धमकियां दी जा रही हैं.,https://www.bbc.com/hindi/articles/cr50epnlpqno?at_medium=RSS&at_campaign=rss,2026-09-13,hindi,high,2026-09-16T17:18:50.817073+00:00
f365ef671db734a848eda55538b64261,BBC Hindi,"एप्पल के फोल्डेबल फ़ोन को क्यों कहा जा रहा है, नए सीईओ जॉन टर्नस का सबसे बड़ा दांव",एप्पल ने एक इवेंट में लगभग 20 वर्षों में आईफ़ोन के डिज़ाइन में किए गए पहले बड़े बदलाव को प्रदर्शित किया.,https://www.bbc.com/hindi/articles/c9dwx2lvze0o?at_medium=RSS&at_campaign=rss,2026-09-12,hindi,high,2026-09-16T17:18:50.817073+00:00
ca4fb25d707cad0052ea7ab99b9c9224,BBC Hindi,"टीचर ने स्कूल में ऐसे प्रयोग किए, मिला नेशनल अवॉर्ड",महाराष्ट्र के नासिक में म्युनिसिपल कॉर्पोरेशन के क्रांतिज्योति सावित्रीबाई फुले विद्यामंदिर की टीचर कुंदा बच्छाव को इस साल के 'नेशनल टीचर्स अवॉर्ड' के लिए चुना गया है.,https://www.bbc.com/hindi/articles/cr1e54v74p83o?at_medium=RSS&at_campaign=rss,2026-09-14,hindi,high,2026-09-16T17:18:50.817073+00:00
622241f33e54a15c14880e8ff6746aa4,BBC Hindi,नीना गुप्ता समेत 'चुंबक' सिरीज़ की कास्ट के साथ बीबीसी की ख़ास बातचीत,"इस सिरीज़ की कास्ट नीना गुप्ता, सुमित व्यास, देवेन भोजानी, मानसी पारेख, संदीपा धर और सुमित राघवन के साथ देखिए स्तुति घोष की ये ख़ास बातचीत.",https://www.bbc.com/hindi/articles/cm2q8dn3z5jo?at_medium=RSS&at_campaign=rss,2026-09-11,hindi,high,2026-09-16T17:18:50.817073+00:00
